Field,Response
Role,
School/Department,
Date Tested,
Task 1: Find support for a scholar - completed?,
Task 1 clicks,
Task 1 difficulty (1-5),
Task 1 notes,
Task 2: Find a tool/resource - completed?,
Task 2 clicks,
Task 2 difficulty (1-5),
Task 2 notes,
Task 3: Find role-specific guidance - completed?,
Task 3 clicks,
Task 3 difficulty (1-5),
Task 3 notes,
Intervention Matcher result was understandable (1-5),
Action vs Intervention distinction was clear (1-5),
I knew what to do next (1-5),
Most useful feature,
Most confusing feature,
Broken link/error,
Suggested correction,
Overall usability (1-5),
